{
  "formatVersion": 1,
  "database": {
    "version": 1,
    "identityHash": "6d7179059b55b28fda16a36a445f306f",
    "entities": [
      {
        "tableName": "cache",
        "createSql": "CREATE TABLE IF NOT EXISTS `${TABLE_NAME}` (`key` TEXT NOT NULL, `data` BLOB, PRIMARY KEY(`key`))",
        "fields": [
          {
            "fieldPath": "key",
            "columnName": "key",
            "affinity": "TEXT",
            "notNull": true
          },
          {
            "fieldPath": "data",
            "columnName": "data",
            "affinity": "BLOB",
            "notNull": false
          }
        ],
        "primaryKey": {
          "columnNames": [
            "key"
          ],
          "autoGenerate": false
        },
        "indices": [],
        "foreignKeys": []
      },
      {
        "tableName": "vodRecord",
        "createSql": "CREATE TABLE IF NOT EXISTS `${TABLE_NAME}` (`id` INTEGER PRIMARY KEY AUTOINCREMENT NOT NULL, `vodId` TEXT, `updateTime` INTEGER NOT NULL, `sourceKey` TEXT, `data` BLOB, `dataJson` TEXT, `testMigration` INTEGER NOT NULL)",
        "fields": [
          {
            "fieldPath": "id",
            "columnName": "id",
            "affinity": "INTEGER",
            "notNull": true
          },
          {
            "fieldPath": "vodId",
            "columnName": "vodId",
            "affinity": "TEXT",
            "notNull": false
          },
          {
            "fieldPath": "updateTime",
            "columnName": "updateTime",
            "affinity": "INTEGER",
            "notNull": true
          },
          {
            "fieldPath": "sourceKey",
            "columnName": "sourceKey",
            "affinity": "TEXT",
            "notNull": false
          },
          {
            "fieldPath": "data",
            "columnName": "data",
            "affinity": "BLOB",
            "notNull": false
          },
          {
            "fieldPath": "dataJson",
            "columnName": "dataJson",
            "affinity": "TEXT",
            "notNull": false
          },
          {
            "fieldPath": "testMigration",
            "columnName": "testMigration",
            "affinity": "INTEGER",
            "notNull": true
          }
        ],
        "primaryKey": {
          "columnNames": [
            "id"
          ],
          "autoGenerate": true
        },
        "indices": [],
        "foreignKeys": []
      }
    ],
    "views": [],
    "setupQueries": [
      "CREATE TABLE IF NOT EXISTS room_master_table (id INTEGER PRIMARY KEY,identity_hash TEXT)",
      "INSERT OR REPLACE INTO room_master_table (id,identity_hash) VALUES(42, '6d7179059b55b28fda16a36a445f306f')"
    ]
  }
}